# step, loss function, Y0, learning rate, running time
0.000000000000000000e+00, 5.433250248227533120e+03, 4.474507575961146344e-01, 1.000000000000000000e+00, 2.740329885482788086e+01
1.000000000000000000e+00, 4.924511962623246291e+03, 1.447450755544854584e+00, 1.000000000000000000e+00, 2.800266289710998535e+01
2.000000000000000000e+00, 4.448604203401604536e+03, 2.445521216997606828e+00, 1.000000000000000000e+00, 2.860172796249389648e+01
3.000000000000000000e+00, 4.377460424048967980e+03, 3.440236325730445799e+00, 1.000000000000000000e+00, 2.920352387428283691e+01
4.000000000000000000e+00, 3.742274616381138912e+03, 4.433149827754611749e+00, 1.000000000000000000e+00, 2.980625581741333008e+01
5.000000000000000000e+00, 3.237191715395807023e+03, 5.419349594986268670e+00, 1.000000000000000000e+00, 3.040890288352966309e+01
6.000000000000000000e+00, 3.178467561005415519e+03, 6.396498354829623700e+00, 1.000000000000000000e+00, 3.101071166992187500e+01
7.000000000000000000e+00, 3.029037576370576517e+03, 7.366795580588866521e+00, 1.000000000000000000e+00, 3.161087584495544434e+01
8.000000000000000000e+00, 2.748723861727112762e+03, 8.328424068379604250e+00, 1.000000000000000000e+00, 3.221064877510070801e+01
9.000000000000000000e+00, 2.479878191653727299e+03, 9.277996573971229566e+00, 1.000000000000000000e+00, 3.282365679740905762e+01
1.000000000000000000e+01, 2.333736567702766024e+03, 1.021437636581683606e+01, 1.000000000000000000e+00, 3.345739984512329102e+01
1.100000000000000000e+01, 3.203023449265613181e+03, 1.113853011203308085e+01, 1.000000000000000000e+00, 3.408709979057312012e+01
1.200000000000000000e+01, 2.022212519248461376e+03, 1.205934332465969838e+01, 1.000000000000000000e+00, 3.470840382575988770e+01
1.300000000000000000e+01, 2.057520524162161564e+03, 1.295236495019349299e+01, 1.000000000000000000e+00, 3.533197903633117676e+01
1.400000000000000000e+01, 1.791264145735377724e+03, 1.382719601065688231e+01, 1.000000000000000000e+00, 3.595419073104858398e+01
1.500000000000000000e+01, 1.726596568795322128e+03, 1.467674883640964190e+01, 1.000000000000000000e+00, 3.658690309524536133e+01
1.600000000000000000e+01, 1.939878029466072121e+03, 1.549929668538604410e+01, 1.000000000000000000e+00, 3.721359801292419434e+01
1.700000000000000000e+01, 1.837030146811964642e+03, 1.629673163953584591e+01, 1.000000000000000000e+00, 3.783544874191284180e+01
1.800000000000000000e+01, 1.982380217718521635e+03, 1.707238433467225036e+01, 1.000000000000000000e+00, 3.846452403068542480e+01
1.900000000000000000e+01, 1.781790590766687046e+03, 1.783152635962522581e+01, 1.000000000000000000e+00, 3.909527993202209473e+01
2.000000000000000000e+01, 1.465767419435648208e+03, 1.856335668884541334e+01, 1.000000000000000000e+00, 3.972455596923828125e+01
2.100000000000000000e+01, 1.858609548427843038e+03, 1.925644877863170379e+01, 1.000000000000000000e+00, 4.034504699707031250e+01
2.200000000000000000e+01, 2.147032088597396978e+03, 1.992937651662485621e+01, 1.000000000000000000e+00, 4.098607110977172852e+01
2.300000000000000000e+01, 2.244172592544386134e+03, 2.058193010672398060e+01, 1.000000000000000000e+00, 4.161719179153442383e+01
2.400000000000000000e+01, 2.165492317056273805e+03, 2.121972098465379020e+01, 1.000000000000000000e+00, 4.224032092094421387e+01
2.500000000000000000e+01, 2.714206027803613324e+03, 2.185307699992807784e+01, 1.000000000000000000e+00, 4.288096189498901367e+01
2.600000000000000000e+01, 1.811765455610264326e+03, 2.247435328861397963e+01, 1.000000000000000000e+00, 4.351714086532592773e+01
2.700000000000000000e+01, 2.064677632057509527e+03, 2.305820307590500917e+01, 1.000000000000000000e+00, 4.414872288703918457e+01
2.800000000000000000e+01, 2.465222310362087683e+03, 2.362892517134329751e+01, 1.000000000000000000e+00, 4.477613377571105957e+01
2.900000000000000000e+01, 1.183631077102698100e+03, 2.419206312685092186e+01, 1.000000000000000000e+00, 4.539518380165100098e+01
3.000000000000000000e+01, 1.734265802018797103e+03, 2.472523834725751968e+01, 1.000000000000000000e+00, 4.601828575134277344e+01
3.100000000000000000e+01, 1.618563383160933199e+03, 2.527014447088469495e+01, 1.000000000000000000e+00, 4.664457297325134277e+01
3.200000000000000000e+01, 1.509076093057267371e+03, 2.580034190609239886e+01, 1.000000000000000000e+00, 4.727258586883544922e+01
3.300000000000000000e+01, 1.430747192555984839e+03, 2.632472763917166958e+01, 1.000000000000000000e+00, 4.789168787002563477e+01
3.400000000000000000e+01, 1.342782805427451422e+03, 2.683826323537423164e+01, 1.000000000000000000e+00, 4.851473784446716309e+01
3.500000000000000000e+01, 1.295048561321917759e+03, 2.734137398747163772e+01, 1.000000000000000000e+00, 4.914222693443298340e+01
3.600000000000000000e+01, 1.574661827453705882e+03, 2.780131239037330104e+01, 1.000000000000000000e+00, 4.976957583427429199e+01
3.700000000000000000e+01, 1.388730326163707105e+03, 2.826394315395188528e+01, 1.000000000000000000e+00, 5.039888882637023926e+01
3.800000000000000000e+01, 1.521395062434255351e+03, 2.871825888556743678e+01, 1.000000000000000000e+00, 5.102980184555053711e+01
3.900000000000000000e+01, 1.247847286172260965e+03, 2.918482312369992826e+01, 1.000000000000000000e+00, 5.165328001976013184e+01
4.000000000000000000e+01, 1.380961332182374463e+03, 2.964493831722207418e+01, 1.000000000000000000e+00, 5.228397178649902344e+01
4.100000000000000000e+01, 1.047000315307354413e+03, 3.011058962396157312e+01, 1.000000000000000000e+00, 5.290817785263061523e+01
4.200000000000000000e+01, 1.204623754073779537e+03, 3.056913364097286490e+01, 1.000000000000000000e+00, 5.352903079986572266e+01
4.300000000000000000e+01, 1.091429999675580348e+03, 3.103013443948897887e+01, 1.000000000000000000e+00, 5.415488386154174805e+01
4.400000000000000000e+01, 1.436651745162397901e+03, 3.149623548059832956e+01, 1.000000000000000000e+00, 5.479416775703430176e+01
4.500000000000000000e+01, 9.584137081995395420e+02, 3.197425834630758601e+01, 1.000000000000000000e+00, 5.542512583732604980e+01
4.600000000000000000e+01, 1.140456512929145219e+03, 3.244145969186862288e+01, 1.000000000000000000e+00, 5.605774688720703125e+01
4.700000000000000000e+01, 7.848609461006569745e+02, 3.291354696437910832e+01, 1.000000000000000000e+00, 5.668139076232910156e+01
4.800000000000000000e+01, 9.947061820095077564e+02, 3.337175609921985142e+01, 1.000000000000000000e+00, 5.731376791000366211e+01
4.900000000000000000e+01, 1.225395096276070490e+03, 3.383680257160852278e+01, 1.000000000000000000e+00, 5.793561792373657227e+01
5.000000000000000000e+01, 7.195841656851218886e+02, 3.430691403075071833e+01, 1.000000000000000000e+00, 5.856307411193847656e+01
5.100000000000000000e+01, 9.101786690862252271e+02, 3.478069864701902958e+01, 1.000000000000000000e+00, 5.921219205856323242e+01
5.200000000000000000e+01, 1.073215336514293313e+03, 3.525908963082518000e+01, 1.000000000000000000e+00, 5.983798670768737793e+01
5.300000000000000000e+01, 1.172691418403442185e+03, 3.574847021385379975e+01, 1.000000000000000000e+00, 6.046353101730346680e+01
5.400000000000000000e+01, 8.480197668126495500e+02, 3.625223715536473179e+01, 1.000000000000000000e+00, 6.109433078765869141e+01
5.500000000000000000e+01, 1.105466641303604320e+03, 3.674552491045690061e+01, 1.000000000000000000e+00, 6.173110079765319824e+01
5.600000000000000000e+01, 6.041624550554420239e+02, 3.724137566685502065e+01, 1.000000000000000000e+00, 6.236270785331726074e+01
5.700000000000000000e+01, 1.135588727402660879e+03, 3.773384133016376296e+01, 1.000000000000000000e+00, 6.299474573135375977e+01
5.800000000000000000e+01, 8.737111682722643309e+02, 3.823620576829582518e+01, 1.000000000000000000e+00, 6.362296772003173828e+01
5.900000000000000000e+01, 8.788582851181927253e+02, 3.874547254504516758e+01, 1.000000000000000000e+00, 6.425688982009887695e+01
6.000000000000000000e+01, 9.624072023361401307e+02, 3.926563193316210487e+01, 1.000000000000000000e+00, 6.488048791885375977e+01
6.100000000000000000e+01, 9.041254449575553735e+02, 3.980365481531933369e+01, 1.000000000000000000e+00, 6.550392079353332520e+01
6.200000000000000000e+01, 8.864606274124208767e+02, 4.034527304566447725e+01, 1.000000000000000000e+00, 6.614737105369567871e+01
6.300000000000000000e+01, 9.888676925712456978e+02, 4.089890065426610732e+01, 1.000000000000000000e+00, 6.679673504829406738e+01
6.400000000000000000e+01, 8.346850949873141872e+02, 4.147238216954504963e+01, 1.000000000000000000e+00, 6.744151663780212402e+01
6.500000000000000000e+01, 6.189396286294393121e+02, 4.204799618292677366e+01, 1.000000000000000000e+00, 6.806459975242614746e+01
6.600000000000000000e+01, 9.457944643384194023e+02, 4.261404669888445085e+01, 1.000000000000000000e+00, 6.869848990440368652e+01
6.700000000000000000e+01, 7.707708771189542176e+02, 4.316982718041114708e+01, 1.000000000000000000e+00, 6.934385275840759277e+01
6.800000000000000000e+01, 5.783512629759961783e+02, 4.372631892056967473e+01, 1.000000000000000000e+00, 6.998481369018554688e+01
6.900000000000000000e+01, 7.934136764267279887e+02, 4.427470968927554651e+01, 1.000000000000000000e+00, 7.061455583572387695e+01
7.000000000000000000e+01, 6.047620511627236510e+02, 4.482649108556759643e+01, 1.000000000000000000e+00, 7.124962472915649414e+01
7.100000000000000000e+01, 7.266013532335744003e+02, 4.535335853285491936e+01, 1.000000000000000000e+00, 7.187805390357971191e+01
7.200000000000000000e+01, 7.379828967406407401e+02, 4.586298545643790447e+01, 1.000000000000000000e+00, 7.250749373435974121e+01
7.300000000000000000e+01, 6.674395163085425793e+02, 4.635951070135676133e+01, 1.000000000000000000e+00, 7.314288783073425293e+01
7.400000000000000000e+01, 5.828303063772056021e+02, 4.684696712909570948e+01, 1.000000000000000000e+00, 7.376437497138977051e+01
7.500000000000000000e+01, 6.478825405393273513e+02, 4.730291608089045496e+01, 1.000000000000000000e+00, 7.438955283164978027e+01
7.600000000000000000e+01, 8.808439316003762087e+02, 4.774836550694453052e+01, 1.000000000000000000e+00, 7.501183986663818359e+01
7.700000000000000000e+01, 8.272734466557487849e+02, 4.818268885137404567e+01, 1.000000000000000000e+00, 7.563529276847839355e+01
7.800000000000000000e+01, 5.919034355479418537e+02, 4.861013078945466503e+01, 1.000000000000000000e+00, 7.625822687149047852e+01
7.900000000000000000e+01, 6.304295175444310644e+02, 4.902662173264224776e+01, 1.000000000000000000e+00, 7.687974667549133301e+01
8.000000000000000000e+01, 7.473561697862940036e+02, 4.943093916050533210e+01, 1.000000000000000000e+00, 7.750092077255249023e+01
8.100000000000000000e+01, 7.493970840340571158e+02, 4.983166036201787108e+01, 1.000000000000000000e+00, 7.815539669990539551e+01
8.200000000000000000e+01, 4.951018297425861192e+02, 5.023001092319032779e+01, 1.000000000000000000e+00, 7.878677773475646973e+01
8.300000000000000000e+01, 8.279854133108240148e+02, 5.062101910923076531e+01, 1.000000000000000000e+00, 7.942865586280822754e+01
8.400000000000000000e+01, 5.008587609276490866e+02, 5.101170277525267238e+01, 1.000000000000000000e+00, 8.006029987335205078e+01
8.500000000000000000e+01, 6.200330427456015059e+02, 5.139162764734289368e+01, 1.000000000000000000e+00, 8.069586372375488281e+01
8.600000000000000000e+01, 4.615284805105166015e+02, 5.175690328764815717e+01, 1.000000000000000000e+00, 8.132758879661560059e+01
8.700000000000000000e+01, 6.106752237743817204e+02, 5.211017540180703378e+01, 1.000000000000000000e+00, 8.195479083061218262e+01
8.800000000000000000e+01, 6.589038517764806784e+02, 5.245253570739321702e+01, 1.000000000000000000e+00, 8.257683992385864258e+01
8.900000000000000000e+01, 4.978186418007728662e+02, 5.278720393581080828e+01, 1.000000000000000000e+00, 8.319601893424987793e+01
9.000000000000000000e+01, 5.536112044152296221e+02, 5.310680273218456904e+01, 1.000000000000000000e+00, 8.382042288780212402e+01
9.100000000000000000e+01, 3.790176859420294022e+02, 5.343901538331839163e+01, 1.000000000000000000e+00, 8.444185185432434082e+01
9.200000000000000000e+01, 7.584362258294758021e+02, 5.375661164415697613e+01, 1.000000000000000000e+00, 8.506217384338378906e+01
9.300000000000000000e+01, 3.217672754714681673e+02, 5.406773810980114803e+01, 1.000000000000000000e+00, 8.569332098960876465e+01
9.400000000000000000e+01, 4.396988070916040101e+02, 5.436762865015311519e+01, 1.000000000000000000e+00, 8.632818984985351562e+01
9.500000000000000000e+01, 4.187779588964880304e+02, 5.467471439240281939e+01, 1.000000000000000000e+00, 8.695262289047241211e+01
9.600000000000000000e+01, 6.309007112450417480e+02, 5.498847295834613647e+01, 1.000000000000000000e+00, 8.757741689682006836e+01
9.700000000000000000e+01, 5.064194970824140682e+02, 5.528797654900363057e+01, 1.000000000000000000e+00, 8.819926404953002930e+01
9.800000000000000000e+01, 4.624887819865505207e+02, 5.560176933419363365e+01, 1.000000000000000000e+00, 8.882789397239685059e+01
9.900000000000000000e+01, 5.830827149554220341e+02, 5.590305750678920305e+01, 1.000000000000000000e+00, 8.945442795753479004e+01
1.000000000000000000e+02, 4.345220505126568469e+02, 5.621709088888138695e+01, 1.000000000000000000e+00, 9.007860398292541504e+01
1.010000000000000000e+02, 6.745629386206917388e+02, 5.653747898472723676e+01, 1.000000000000000000e+00, 9.070975899696350098e+01
1.020000000000000000e+02, 4.489910149596557289e+02, 5.688073320515569975e+01, 1.000000000000000000e+00, 9.133234786987304688e+01
1.030000000000000000e+02, 5.584036212489475020e+02, 5.722494684315332591e+01, 1.000000000000000000e+00, 9.195975685119628906e+01
1.040000000000000000e+02, 3.844551292163358767e+02, 5.757664267309070283e+01, 1.000000000000000000e+00, 9.258271789550781250e+01
1.050000000000000000e+02, 4.798392396267774416e+02, 5.793583727627999025e+01, 1.000000000000000000e+00, 9.321106481552124023e+01
1.060000000000000000e+02, 4.026409711183423497e+02, 5.829736926844900324e+01, 1.000000000000000000e+00, 9.383896970748901367e+01
1.070000000000000000e+02, 3.996788060939495608e+02, 5.865284316776173767e+01, 1.000000000000000000e+00, 9.446591472625732422e+01
1.080000000000000000e+02, 4.066545496795949930e+02, 5.900695575226806255e+01, 1.000000000000000000e+00, 9.508958077430725098e+01
1.090000000000000000e+02, 6.415025923438341806e+02, 5.933815580006567814e+01, 1.000000000000000000e+00, 9.571414875984191895e+01
1.100000000000000000e+02, 2.741560090078322673e+02, 5.968584803141185091e+01, 1.000000000000000000e+00, 9.633988094329833984e+01
1.110000000000000000e+02, 4.489669207475996018e+02, 5.999803701699303815e+01, 1.000000000000000000e+00, 9.696884775161743164e+01
1.120000000000000000e+02, 5.649217550050002501e+02, 6.031335390373423877e+01, 1.000000000000000000e+00, 9.759329795837402344e+01
1.130000000000000000e+02, 3.261597805423602381e+02, 6.063830334954108281e+01, 1.000000000000000000e+00, 9.822124385833740234e+01
1.140000000000000000e+02, 3.254828804908423763e+02, 6.093490276450240373e+01, 1.000000000000000000e+00, 9.884872603416442871e+01
1.150000000000000000e+02, 3.959174917802858431e+02, 6.121203294770892001e+01, 1.000000000000000000e+00, 9.947342491149902344e+01
1.160000000000000000e+02, 3.040619191250708582e+02, 6.146720319571223712e+01, 1.000000000000000000e+00, 1.000978507995605469e+02
1.170000000000000000e+02, 3.615042454464603452e+02, 6.170513548157096295e+01, 1.000000000000000000e+00, 1.007426927089691162e+02
1.180000000000000000e+02, 3.471539499754049984e+02, 6.194290790781126077e+01, 1.000000000000000000e+00, 1.013695287704467773e+02
1.190000000000000000e+02, 2.839046360348766598e+02, 6.219082270274154212e+01, 1.000000000000000000e+00, 1.019920868873596191e+02
1.200000000000000000e+02, 4.532898656602277470e+02, 6.243220005458329069e+01, 1.000000000000000000e+00, 1.026210277080535889e+02
1.210000000000000000e+02, 3.949856147101747297e+02, 6.268462263572776294e+01, 1.000000000000000000e+00, 1.032705547809600830e+02
1.220000000000000000e+02, 3.459383854270763550e+02, 6.294626022325523707e+01, 1.000000000000000000e+00, 1.039044957160949707e+02
1.230000000000000000e+02, 2.540035398170664109e+02, 6.319988223969570384e+01, 1.000000000000000000e+00, 1.045323159694671631e+02
1.240000000000000000e+02, 2.836722712654807310e+02, 6.343402604519096144e+01, 1.000000000000000000e+00, 1.051576948165893555e+02
1.250000000000000000e+02, 4.685442026478430080e+02, 6.365010405663490900e+01, 1.000000000000000000e+00, 1.057962307929992676e+02
1.260000000000000000e+02, 3.553924600392897446e+02, 6.386601438787212004e+01, 1.000000000000000000e+00, 1.064237318038940430e+02
1.270000000000000000e+02, 2.793627749618182179e+02, 6.407594243918424581e+01, 1.000000000000000000e+00, 1.070601608753204346e+02
1.280000000000000000e+02, 3.294178618038587274e+02, 6.429089156541367345e+01, 1.000000000000000000e+00, 1.076949586868286133e+02
1.290000000000000000e+02, 3.370449023728771181e+02, 6.451509818945429231e+01, 1.000000000000000000e+00, 1.083215160369873047e+02
1.300000000000000000e+02, 2.472507221203501615e+02, 6.475695032545050367e+01, 1.000000000000000000e+00, 1.089477057456970215e+02
1.310000000000000000e+02, 3.869635005791872686e+02, 6.497968675975947406e+01, 1.000000000000000000e+00, 1.095723698139190674e+02
1.320000000000000000e+02, 3.040387280052364076e+02, 6.519071005077218217e+01, 1.000000000000000000e+00, 1.102012097835540771e+02
1.330000000000000000e+02, 2.229407569900787394e+02, 6.540928382438262645e+01, 1.000000000000000000e+00, 1.108275237083435059e+02
1.340000000000000000e+02, 3.072076182521951750e+02, 6.561867387754985259e+01, 1.000000000000000000e+00, 1.114492738246917725e+02
1.350000000000000000e+02, 3.210904771892600138e+02, 6.583449036335366600e+01, 1.000000000000000000e+00, 1.120733828544616699e+02
1.360000000000000000e+02, 2.828736656896587647e+02, 6.604483837333943086e+01, 1.000000000000000000e+00, 1.127023370265960693e+02
1.370000000000000000e+02, 2.353475350553966052e+02, 6.625445804715644726e+01, 1.000000000000000000e+00, 1.133340678215026855e+02
1.380000000000000000e+02, 1.891979954543045324e+02, 6.644959224564564693e+01, 1.000000000000000000e+00, 1.139605057239532471e+02
1.390000000000000000e+02, 2.679184357905048159e+02, 6.663058044238246680e+01, 1.000000000000000000e+00, 1.146008100509643555e+02
1.400000000000000000e+02, 2.568138462984292119e+02, 6.681534386222801913e+01, 1.000000000000000000e+00, 1.152316389083862305e+02
1.410000000000000000e+02, 3.423754056282886609e+02, 6.700550157542728869e+01, 1.000000000000000000e+00, 1.158604187965393066e+02
1.420000000000000000e+02, 2.581844804500531154e+02, 6.719770122573591209e+01, 1.000000000000000000e+00, 1.164890627861022949e+02
1.430000000000000000e+02, 3.615813550129323630e+02, 6.740933176996057341e+01, 1.000000000000000000e+00, 1.171198279857635498e+02
1.440000000000000000e+02, 2.419818738154298785e+02, 6.764286950914009822e+01, 1.000000000000000000e+00, 1.177445609569549561e+02
1.450000000000000000e+02, 2.424442832311675033e+02, 6.787857754113765907e+01, 1.000000000000000000e+00, 1.183725669384002686e+02
1.460000000000000000e+02, 3.914326929265001240e+02, 6.810765635690111708e+01, 1.000000000000000000e+00, 1.189941627979278564e+02
1.470000000000000000e+02, 3.284795004055980598e+02, 6.833597042271162536e+01, 1.000000000000000000e+00, 1.196303780078887939e+02
1.480000000000000000e+02, 2.465776319315605178e+02, 6.854480996321497344e+01, 1.000000000000000000e+00, 1.202542920112609863e+02
1.490000000000000000e+02, 2.673833245844086264e+02, 6.875074554345194144e+01, 1.000000000000000000e+00, 1.209600970745086670e+02
1.500000000000000000e+02, 2.871895526347998384e+02, 6.896310967733592179e+01, 1.000000000000000000e+00, 1.218280000686645508e+02
1.510000000000000000e+02, 1.694673518551265090e+02, 6.917131132535300253e+01, 1.000000000000000000e+00, 1.224519159793853760e+02
1.520000000000000000e+02, 2.235105721101937775e+02, 6.934524447581219420e+01, 1.000000000000000000e+00, 1.230827898979187012e+02
1.530000000000000000e+02, 3.478809064394380357e+02, 6.950964729597644975e+01, 1.000000000000000000e+00, 1.237159228324890137e+02
1.540000000000000000e+02, 2.588766326712756154e+02, 6.967051054120335607e+01, 1.000000000000000000e+00, 1.243555598258972168e+02
1.550000000000000000e+02, 2.156079362914578041e+02, 6.982788575102784989e+01, 1.000000000000000000e+00, 1.250859997272491455e+02
1.560000000000000000e+02, 2.289523778762880397e+02, 6.999347944876443250e+01, 1.000000000000000000e+00, 1.259565849304199219e+02
1.570000000000000000e+02, 2.318913917862346352e+02, 7.015692253607576845e+01, 1.000000000000000000e+00, 1.265793280601501465e+02
1.580000000000000000e+02, 2.223023116281827356e+02, 7.031806853788907574e+01, 1.000000000000000000e+00, 1.272064859867095947e+02
1.590000000000000000e+02, 3.072999828010495094e+02, 7.047709876303665055e+01, 1.000000000000000000e+00, 1.278305149078369141e+02
1.600000000000000000e+02, 2.464525145917295106e+02, 7.064729278342886687e+01, 1.000000000000000000e+00, 1.284592740535736084e+02
1.610000000000000000e+02, 2.107557516463220963e+02, 7.081146428143063076e+01, 1.000000000000000000e+00, 1.291917567253112793e+02
1.620000000000000000e+02, 2.718750208353130802e+02, 7.095721010301969045e+01, 1.000000000000000000e+00, 1.301069829463958740e+02
1.630000000000000000e+02, 2.654528061285835747e+02, 7.108570987575748745e+01, 1.000000000000000000e+00, 1.310009567737579346e+02
1.640000000000000000e+02, 1.845637357391873365e+02, 7.120812622133503567e+01, 1.000000000000000000e+00, 1.316229338645935059e+02
1.650000000000000000e+02, 2.486079273666215670e+02, 7.132381371737420750e+01, 1.000000000000000000e+00, 1.322495088577270508e+02
1.660000000000000000e+02, 1.990815060053379852e+02, 7.145298572026959505e+01, 1.000000000000000000e+00, 1.328835718631744385e+02
1.670000000000000000e+02, 2.145769401220699706e+02, 7.159011865372971783e+01, 1.000000000000000000e+00, 1.335143229961395264e+02
1.680000000000000000e+02, 1.753492883224701018e+02, 7.172691410605715134e+01, 1.000000000000000000e+00, 1.341987357139587402e+02
1.690000000000000000e+02, 1.987150479958194751e+02, 7.186034368458692256e+01, 1.000000000000000000e+00, 1.350925860404968262e+02
1.700000000000000000e+02, 2.307094850185145845e+02, 7.200409537818818251e+01, 1.000000000000000000e+00, 1.357201669216156006e+02
1.710000000000000000e+02, 2.181856888750594408e+02, 7.213838553755761041e+01, 1.000000000000000000e+00, 1.363471238613128662e+02
1.720000000000000000e+02, 2.092847010886672194e+02, 7.227175855535884352e+01, 1.000000000000000000e+00, 1.369682788848876953e+02
1.730000000000000000e+02, 2.250922738022106842e+02, 7.239327800772697685e+01, 1.000000000000000000e+00, 1.378274619579315186e+02
1.740000000000000000e+02, 1.775913252737156540e+02, 7.250801192218342806e+01, 1.000000000000000000e+00, 1.387468249797821045e+02
1.750000000000000000e+02, 1.693222718573375403e+02, 7.262171585499456228e+01, 1.000000000000000000e+00, 1.394952208995819092e+02
1.760000000000000000e+02, 1.989709739295979603e+02, 7.272658821220747427e+01, 1.000000000000000000e+00, 1.401248457431793213e+02
1.770000000000000000e+02, 2.541454597467156873e+02, 7.284035633642223218e+01, 1.000000000000000000e+00, 1.407452337741851807e+02
1.780000000000000000e+02, 1.039884477528324993e+02, 7.297121224829422204e+01, 1.000000000000000000e+00, 1.414606618881225586e+02
1.790000000000000000e+02, 2.174301778267732743e+02, 7.308039855337123925e+01, 1.000000000000000000e+00, 1.423721621036529541e+02
1.800000000000000000e+02, 2.028682286304749312e+02, 7.318541431206242009e+01, 1.000000000000000000e+00, 1.432696237564086914e+02
1.810000000000000000e+02, 2.168426380585895572e+02, 7.327807909301688483e+01, 1.000000000000000000e+00, 1.438964269161224365e+02
1.820000000000000000e+02, 2.117318709411978261e+02, 7.337506862220327264e+01, 1.000000000000000000e+00, 1.445296959877014160e+02
1.830000000000000000e+02, 2.033649116570662727e+02, 7.346066210199538205e+01, 1.000000000000000000e+00, 1.451569747924804688e+02
1.840000000000000000e+02, 2.568281450532917916e+02, 7.356342882500703695e+01, 1.000000000000000000e+00, 1.460240898132324219e+02
1.850000000000000000e+02, 1.567028743479367847e+02, 7.366397833064881695e+01, 1.000000000000000000e+00, 1.469391779899597168e+02
1.860000000000000000e+02, 1.774980255887371641e+02, 7.376595175515215885e+01, 1.000000000000000000e+00, 1.476986658573150635e+02
1.870000000000000000e+02, 2.235848291537666626e+02, 7.386046672267971758e+01, 1.000000000000000000e+00, 1.483302268981933594e+02
1.880000000000000000e+02, 1.677920735168942770e+02, 7.395439756709778578e+01, 1.000000000000000000e+00, 1.489797277450561523e+02
1.890000000000000000e+02, 1.672438061533686664e+02, 7.403885540055713932e+01, 1.000000000000000000e+00, 1.497175748348236084e+02
1.900000000000000000e+02, 1.527125632074847204e+02, 7.412979805617607099e+01, 1.000000000000000000e+00, 1.506360146999359131e+02
1.910000000000000000e+02, 2.084619834759478181e+02, 7.421596395625397236e+01, 1.000000000000000000e+00, 1.515566899776458740e+02
1.920000000000000000e+02, 1.879516275637784872e+02, 7.430400390652262388e+01, 1.000000000000000000e+00, 1.524760828018188477e+02
1.930000000000000000e+02, 2.525577849488589663e+02, 7.437239041232210468e+01, 1.000000000000000000e+00, 1.531050250530242920e+02
1.940000000000000000e+02, 1.362860891691405243e+02, 7.445520408960892667e+01, 1.000000000000000000e+00, 1.537308909893035889e+02
1.950000000000000000e+02, 1.933904070712836756e+02, 7.452588357065272362e+01, 1.000000000000000000e+00, 1.543633017539978027e+02
1.960000000000000000e+02, 1.596798433073368244e+02, 7.459234422460407643e+01, 1.000000000000000000e+00, 1.552407538890838623e+02
1.970000000000000000e+02, 1.213942294920808536e+02, 7.466740368610038558e+01, 1.000000000000000000e+00, 1.561852548122406006e+02
1.980000000000000000e+02, 1.652326667213908706e+02, 7.475022002208307015e+01, 1.000000000000000000e+00, 1.571458497047424316e+02
1.990000000000000000e+02, 1.545692634317928764e+02, 7.482032654634078028e+01, 1.000000000000000000e+00, 1.579112319946289062e+02
2.000000000000000000e+02, 2.219595076894397323e+02, 7.489087816628257599e+01, 5.000000000000000000e-01, 1.585407419204711914e+02
2.010000000000000000e+02, 1.139438598475975084e+02, 7.492939142387264440e+01, 5.000000000000000000e-01, 1.591789298057556152e+02
2.020000000000000000e+02, 1.652145240396295378e+02, 7.496480859300352506e+01, 5.000000000000000000e-01, 1.598851208686828613e+02
2.030000000000000000e+02, 2.172970151015369140e+02, 7.499995663895316511e+01, 5.000000000000000000e-01, 1.607932329177856445e+02
2.040000000000000000e+02, 1.687477678934864969e+02, 7.503317348249881036e+01, 5.000000000000000000e-01, 1.617053298950195312e+02
2.050000000000000000e+02, 2.033463960159480166e+02, 7.506183123134053403e+01, 5.000000000000000000e-01, 1.626239218711853027e+02
2.060000000000000000e+02, 1.740355017383962206e+02, 7.508194732507357116e+01, 5.000000000000000000e-01, 1.635816798210144043e+02
2.070000000000000000e+02, 1.397688536273286672e+02, 7.509298653873570117e+01, 5.000000000000000000e-01, 1.642445697784423828e+02
2.080000000000000000e+02, 1.364533688758148173e+02, 7.509708356805442975e+01, 5.000000000000000000e-01, 1.649383518695831299e+02
2.090000000000000000e+02, 1.609257530107121283e+02, 7.510442662941454728e+01, 5.000000000000000000e-01, 1.658604338169097900e+02
2.100000000000000000e+02, 2.284582111332792635e+02, 7.511971200516730107e+01, 5.000000000000000000e-01, 1.667778859138488770e+02
2.110000000000000000e+02, 1.336860060123674145e+02, 7.514681800919922239e+01, 5.000000000000000000e-01, 1.674054720401763916e+02
2.120000000000000000e+02, 1.733215375181194986e+02, 7.517074984683668504e+01, 5.000000000000000000e-01, 1.681382369995117188e+02
2.130000000000000000e+02, 1.289082413843108270e+02, 7.518144145075258677e+01, 5.000000000000000000e-01, 1.690534238815307617e+02
2.140000000000000000e+02, 1.437437322168610194e+02, 7.518919380669539976e+01, 5.000000000000000000e-01, 1.699737279415130615e+02
2.150000000000000000e+02, 1.763544069316315870e+02, 7.520146912689037322e+01, 5.000000000000000000e-01, 1.708912739753723145e+02
2.160000000000000000e+02, 1.736013051617492238e+02, 7.521344994915844495e+01, 5.000000000000000000e-01, 1.715154109001159668e+02
2.170000000000000000e+02, 1.465154930292199822e+02, 7.523105556991905019e+01, 5.000000000000000000e-01, 1.722529139518737793e+02
2.180000000000000000e+02, 1.479683234889425592e+02, 7.523977903258797539e+01, 5.000000000000000000e-01, 1.731788589954376221e+02
2.190000000000000000e+02, 1.121635386297919723e+02, 7.525536705255387915e+01, 5.000000000000000000e-01, 1.741156888008117676e+02
2.200000000000000000e+02, 1.023979724399353870e+02, 7.527861413644258448e+01, 5.000000000000000000e-01, 1.750209078788757324e+02
2.210000000000000000e+02, 1.436383182173584032e+02, 7.530661260197402385e+01, 5.000000000000000000e-01, 1.756498868465423584e+02
2.220000000000000000e+02, 1.459405995009460071e+02, 7.533861099924291693e+01, 5.000000000000000000e-01, 1.764101738929748535e+02
2.230000000000000000e+02, 1.555695551215124226e+02, 7.536540254695003682e+01, 5.000000000000000000e-01, 1.773606719970703125e+02
2.240000000000000000e+02, 1.630573578788861937e+02, 7.539396515573211843e+01, 5.000000000000000000e-01, 1.783058948516845703e+02
2.250000000000000000e+02, 1.666809408425095853e+02, 7.541564622446917099e+01, 5.000000000000000000e-01, 1.791901650428771973e+02
2.260000000000000000e+02, 1.676073113831359649e+02, 7.543840175082377186e+01, 5.000000000000000000e-01, 1.798329708576202393e+02
2.270000000000000000e+02, 1.264448968907640563e+02, 7.545458980262887394e+01, 5.000000000000000000e-01, 1.806362078189849854e+02
2.280000000000000000e+02, 1.490912902708784884e+02, 7.547525207348138565e+01, 5.000000000000000000e-01, 1.815789430141448975e+02
2.290000000000000000e+02, 1.293983580090694261e+02, 7.549758900941692730e+01, 5.000000000000000000e-01, 1.825134217739105225e+02
2.300000000000000000e+02, 1.228372331519016996e+02, 7.552618201016446164e+01, 5.000000000000000000e-01, 1.833555457592010498e+02
2.310000000000000000e+02, 1.015792462358756438e+02, 7.554949921757227571e+01, 5.000000000000000000e-01, 1.839861247539520264e+02
2.320000000000000000e+02, 1.551762147405288772e+02, 7.557577692325651242e+01, 5.000000000000000000e-01, 1.848124270439147949e+02
2.330000000000000000e+02, 1.323886615979592705e+02, 7.561078526588325133e+01, 5.000000000000000000e-01, 1.857504429817199707e+02
2.340000000000000000e+02, 1.166064210391206188e+02, 7.564954351978661862e+01, 5.000000000000000000e-01, 1.867203567028045654e+02
2.350000000000000000e+02, 1.393593606231586080e+02, 7.568105378229448377e+01, 5.000000000000000000e-01, 1.876850957870483398e+02
2.360000000000000000e+02, 1.302481554392716134e+02, 7.570962255639869909e+01, 5.000000000000000000e-01, 1.886608278751373291e+02
2.370000000000000000e+02, 1.176158714131201322e+02, 7.573630666309264825e+01, 5.000000000000000000e-01, 1.895293309688568115e+02
2.380000000000000000e+02, 1.125570685308973395e+02, 7.576653528966566853e+01, 5.000000000000000000e-01, 1.901775269508361816e+02
2.390000000000000000e+02, 1.352696342989711979e+02, 7.579791351896990648e+01, 5.000000000000000000e-01, 1.910741429328918457e+02
2.400000000000000000e+02, 1.351786105868775394e+02, 7.582443515911113252e+01, 5.000000000000000000e-01, 1.920288367271423340e+02
2.410000000000000000e+02, 1.155255451746093343e+02, 7.584814494044562139e+01, 5.000000000000000000e-01, 1.930030257701873779e+02
2.420000000000000000e+02, 1.420731675173880149e+02, 7.586760263642931079e+01, 5.000000000000000000e-01, 1.939918899536132812e+02
2.430000000000000000e+02, 1.333438345542129753e+02, 7.589362885634166389e+01, 5.000000000000000000e-01, 1.949521439075469971e+02
2.440000000000000000e+02, 1.713720834061204243e+02, 7.591545891520365785e+01, 5.000000000000000000e-01, 1.959179477691650391e+02
2.450000000000000000e+02, 1.291971961818992440e+02, 7.593453904651771325e+01, 5.000000000000000000e-01, 1.967689228057861328e+02
2.460000000000000000e+02, 1.532469059788471384e+02, 7.595757916114060038e+01, 5.000000000000000000e-01, 1.974143009185791016e+02
2.470000000000000000e+02, 1.247174418885129086e+02, 7.599052615668112765e+01, 5.000000000000000000e-01, 1.983338649272918701e+02
2.480000000000000000e+02, 1.255333009372744328e+02, 7.601615852527552875e+01, 5.000000000000000000e-01, 1.993184907436370850e+02
2.490000000000000000e+02, 1.345151691158764606e+02, 7.603772662904191293e+01, 5.000000000000000000e-01, 2.003008399009704590e+02
2.500000000000000000e+02, 1.674927264832389255e+02, 7.605895128432656804e+01, 5.000000000000000000e-01, 2.012780678272247314e+02
2.510000000000000000e+02, 1.059730108055120752e+02, 7.607911193331278810e+01, 5.000000000000000000e-01, 2.022868127822875977e+02
2.520000000000000000e+02, 1.760997063334036170e+02, 7.610366174439617737e+01, 5.000000000000000000e-01, 2.032753469944000244e+02
2.530000000000000000e+02, 1.091453399663118091e+02, 7.613513707294559651e+01, 5.000000000000000000e-01, 2.040541210174560547e+02
2.540000000000000000e+02, 1.115830040875475788e+02, 7.616088747295275141e+01, 5.000000000000000000e-01, 2.047340438365936279e+02
2.550000000000000000e+02, 1.299820840243044415e+02, 7.618933121777814677e+01, 5.000000000000000000e-01, 2.057432038784027100e+02
2.560000000000000000e+02, 1.350196166569440095e+02, 7.621652271637624665e+01, 5.000000000000000000e-01, 2.067587878704071045e+02
2.570000000000000000e+02, 1.436962118744871759e+02, 7.624581376786898090e+01, 5.000000000000000000e-01, 2.077488319873809814e+02
2.580000000000000000e+02, 1.143080248878069085e+02, 7.627929656125260749e+01, 5.000000000000000000e-01, 2.087389137744903564e+02
2.590000000000000000e+02, 1.053235409525752715e+02, 7.630342428593314708e+01, 5.000000000000000000e-01, 2.097175939083099365e+02
2.600000000000000000e+02, 1.263968457481634147e+02, 7.632393848932603930e+01, 5.000000000000000000e-01, 2.106952059268951416e+02
2.610000000000000000e+02, 9.261365406546258328e+01, 7.633644441836395345e+01, 5.000000000000000000e-01, 2.116755368709564209e+02
2.620000000000000000e+02, 1.396342095702970596e+02, 7.635489011925118064e+01, 5.000000000000000000e-01, 2.126587238311767578e+02
2.630000000000000000e+02, 1.416350704106645253e+02, 7.636954760677714660e+01, 5.000000000000000000e-01, 2.136408429145812988e+02
2.640000000000000000e+02, 1.020923476803606036e+02, 7.637344206820644388e+01, 5.000000000000000000e-01, 2.146543560028076172e+02
2.650000000000000000e+02, 1.253456410986439096e+02, 7.638215073567377544e+01, 5.000000000000000000e-01, 2.153927068710327148e+02
2.660000000000000000e+02, 9.352817025007573193e+01, 7.640400851729155818e+01, 5.000000000000000000e-01, 2.160991518497467041e+02
2.670000000000000000e+02, 9.040913360001765398e+01, 7.642604836235524601e+01, 5.000000000000000000e-01, 2.170962288379669189e+02
2.680000000000000000e+02, 8.928746813245572866e+01, 7.644562096249016747e+01, 5.000000000000000000e-01, 2.180921180248260498e+02
2.690000000000000000e+02, 1.608268651587440559e+02, 7.646463485565520557e+01, 5.000000000000000000e-01, 2.190955908298492432e+02
2.700000000000000000e+02, 1.189920183573968444e+02, 7.648313571158132618e+01, 5.000000000000000000e-01, 2.200913667678833008e+02
2.710000000000000000e+02, 1.208622157909526607e+02, 7.650349416639924982e+01, 5.000000000000000000e-01, 2.210729427337646484e+02
2.720000000000000000e+02, 1.070797106472505789e+02, 7.652161156678013754e+01, 5.000000000000000000e-01, 2.220608878135681152e+02
2.730000000000000000e+02, 9.987600336049212046e+01, 7.653355094709698392e+01, 5.000000000000000000e-01, 2.230561647415161133e+02
2.740000000000000000e+02, 1.126419246359764514e+02, 7.653564057131595177e+01, 5.000000000000000000e-01, 2.240836570262908936e+02
2.750000000000000000e+02, 1.473812487599674910e+02, 7.653616253278923409e+01, 5.000000000000000000e-01, 2.250887050628662109e+02
2.760000000000000000e+02, 1.344166032067280696e+02, 7.652984257125427803e+01, 5.000000000000000000e-01, 2.260763809680938721e+02
2.770000000000000000e+02, 1.621976315918180376e+02, 7.652882685097117132e+01, 5.000000000000000000e-01, 2.270746378898620605e+02
2.780000000000000000e+02, 9.054385544504262384e+01, 7.654121060807523236e+01, 5.000000000000000000e-01, 2.280555698871612549e+02
2.790000000000000000e+02, 7.898865430377102825e+01, 7.655062163054424218e+01, 5.000000000000000000e-01, 2.290415098667144775e+02
2.800000000000000000e+02, 1.406068761747977476e+02, 7.656173699145178091e+01, 5.000000000000000000e-01, 2.300387001037597656e+02
2.810000000000000000e+02, 1.035860481107925608e+02, 7.656092952900151261e+01, 5.000000000000000000e-01, 2.310629708766937256e+02
2.820000000000000000e+02, 9.560184736971079644e+01, 7.656479095950582803e+01, 5.000000000000000000e-01, 2.320770187377929688e+02
2.830000000000000000e+02, 1.455991792693275215e+02, 7.657305104237761384e+01, 5.000000000000000000e-01, 2.330574629306793213e+02
2.840000000000000000e+02, 1.003113824313875995e+02, 7.657840853303736139e+01, 5.000000000000000000e-01, 2.340553598403930664e+02
2.850000000000000000e+02, 1.203159581585792068e+02, 7.658249489431757695e+01, 5.000000000000000000e-01, 2.350631937980651855e+02
2.860000000000000000e+02, 1.234317515118422506e+02, 7.659291685923365378e+01, 5.000000000000000000e-01, 2.358326237201690674e+02
2.870000000000000000e+02, 9.746263288647021739e+01, 7.659229821266205818e+01, 5.000000000000000000e-01, 2.365230069160461426e+02
2.880000000000000000e+02, 8.338686378733609672e+01, 7.659509237565016804e+01, 5.000000000000000000e-01, 2.375246629714965820e+02
2.890000000000000000e+02, 1.216125412466830085e+02, 7.659396854384083042e+01, 5.000000000000000000e-01, 2.385046129226684570e+02
2.900000000000000000e+02, 1.059862823834042871e+02, 7.659488229217650712e+01, 5.000000000000000000e-01, 2.394992268085479736e+02
2.910000000000000000e+02, 9.320829291261773619e+01, 7.660121955361678658e+01, 5.000000000000000000e-01, 2.404875757694244385e+02
2.920000000000000000e+02, 9.766742985066896665e+01, 7.660912084689560686e+01, 5.000000000000000000e-01, 2.414929368495941162e+02
2.930000000000000000e+02, 1.007434986840814020e+02, 7.661384699887244665e+01, 5.000000000000000000e-01, 2.424958498477935791e+02
2.940000000000000000e+02, 8.643019602104544674e+01, 7.662016166383610027e+01, 5.000000000000000000e-01, 2.434989187717437744e+02
2.950000000000000000e+02, 1.054061476278893537e+02, 7.661993872958900909e+01, 5.000000000000000000e-01, 2.445197448730468750e+02
2.960000000000000000e+02, 1.012183546440317912e+02, 7.661631424742346042e+01, 5.000000000000000000e-01, 2.455366528034210205e+02
2.970000000000000000e+02, 1.080530325212150302e+02, 7.661935005867475468e+01, 5.000000000000000000e-01, 2.465572710037231445e+02
2.980000000000000000e+02, 7.382337961648396174e+01, 7.661900373224497685e+01, 5.000000000000000000e-01, 2.475550410747528076e+02
2.990000000000000000e+02, 7.721857054400136633e+01, 7.662604220335532546e+01, 5.000000000000000000e-01, 2.485731139183044434e+02
3.000000000000000000e+02, 9.897289782735762742e+01, 7.663221109511977147e+01, 5.000000000000000000e-01, 2.495943269729614258e+02
3.010000000000000000e+02, 1.113032879104280823e+02, 7.663508271628710133e+01, 5.000000000000000000e-01, 2.506013560295104980e+02
3.020000000000000000e+02, 1.209290349066312587e+02, 7.663016446646528834e+01, 5.000000000000000000e-01, 2.515862989425659180e+02
3.030000000000000000e+02, 1.001889852847398004e+02, 7.663316354322074631e+01, 5.000000000000000000e-01, 2.525683877468109131e+02
3.040000000000000000e+02, 8.551517712726544573e+01, 7.664110329790982234e+01, 5.000000000000000000e-01, 2.535874869823455811e+02
3.050000000000000000e+02, 8.541308585914157447e+01, 7.665470902161247579e+01, 5.000000000000000000e-01, 2.545904607772827148e+02
3.060000000000000000e+02, 1.298773374462205084e+02, 7.666396072965517305e+01, 5.000000000000000000e-01, 2.555845980644226074e+02
3.070000000000000000e+02, 1.225877275795050991e+02, 7.668411835090961404e+01, 5.000000000000000000e-01, 2.565786187648773193e+02
3.080000000000000000e+02, 1.021676214379750007e+02, 7.669413425557070241e+01, 5.000000000000000000e-01, 2.575724358558654785e+02
3.090000000000000000e+02, 9.242721200891364219e+01, 7.670469002756520638e+01, 5.000000000000000000e-01, 2.585784258842468262e+02
3.100000000000000000e+02, 9.459278951316775874e+01, 7.672390067980700223e+01, 5.000000000000000000e-01, 2.595716390609741211e+02
3.110000000000000000e+02, 8.554849147292148359e+01, 7.674711595330269631e+01, 5.000000000000000000e-01, 2.605651569366455078e+02
3.120000000000000000e+02, 7.327099032001832768e+01, 7.676578277870059708e+01, 5.000000000000000000e-01, 2.615483028888702393e+02
3.130000000000000000e+02, 1.000410311395439891e+02, 7.678209817910901336e+01, 5.000000000000000000e-01, 2.625610218048095703e+02
3.140000000000000000e+02, 1.092590607945316918e+02, 7.678753444707581366e+01, 5.000000000000000000e-01, 2.635791697502136230e+02
3.150000000000000000e+02, 1.145552236914820696e+02, 7.678769132505236428e+01, 5.000000000000000000e-01, 2.645704329013824463e+02
3.160000000000000000e+02, 7.645051307898050652e+01, 7.679206449525682388e+01, 5.000000000000000000e-01, 2.655588679313659668e+02
3.170000000000000000e+02, 7.777536375830695192e+01, 7.679127673750508620e+01, 5.000000000000000000e-01, 2.665431778430938721e+02
3.180000000000000000e+02, 9.642985974473845090e+01, 7.679017765499585835e+01, 5.000000000000000000e-01, 2.675413448810577393e+02
3.190000000000000000e+02, 1.038216668460921426e+02, 7.679359778313690299e+01, 5.000000000000000000e-01, 2.685379619598388672e+02
3.200000000000000000e+02, 6.602692192876138222e+01, 7.679819166556011112e+01, 5.000000000000000000e-01, 2.695392408370971680e+02
3.210000000000000000e+02, 7.611164021099870070e+01, 7.680240179876682305e+01, 5.000000000000000000e-01, 2.705268559455871582e+02
3.220000000000000000e+02, 1.273455801299276402e+02, 7.681052615235280712e+01, 5.000000000000000000e-01, 2.715196979045867920e+02
3.230000000000000000e+02, 9.564070800133264072e+01, 7.681385614471314227e+01, 5.000000000000000000e-01, 2.725144760608673096e+02
3.240000000000000000e+02, 9.347354001864425754e+01, 7.681412538658598521e+01, 5.000000000000000000e-01, 2.735099117755889893e+02
3.250000000000000000e+02, 9.669162572816786394e+01, 7.681929005590646398e+01, 5.000000000000000000e-01, 2.745025207996368408e+02
3.260000000000000000e+02, 1.062333043421193963e+02, 7.682844756401357245e+01, 5.000000000000000000e-01, 2.754949157238006592e+02
3.270000000000000000e+02, 1.108563980034201961e+02, 7.682405602165458447e+01, 5.000000000000000000e-01, 2.764858758449554443e+02
3.280000000000000000e+02, 9.037851538873979962e+01, 7.681148043613660548e+01, 5.000000000000000000e-01, 2.774818010330200195e+02
3.290000000000000000e+02, 8.091481897140539559e+01, 7.679895182198065129e+01, 5.000000000000000000e-01, 2.784544098377227783e+02
3.300000000000000000e+02, 6.570848297824271356e+01, 7.679507004443448182e+01, 5.000000000000000000e-01, 2.791243257522583008e+02
3.310000000000000000e+02, 1.118736329866660242e+02, 7.679523548535571820e+01, 5.000000000000000000e-01, 2.799564008712768555e+02
3.320000000000000000e+02, 8.848189989821857182e+01, 7.678670535857214929e+01, 5.000000000000000000e-01, 2.809721968173980713e+02
3.330000000000000000e+02, 7.419235827077551448e+01, 7.678224916494464480e+01, 5.000000000000000000e-01, 2.819709351062774658e+02
3.340000000000000000e+02, 1.040671684123555139e+02, 7.677294505703372351e+01, 5.000000000000000000e-01, 2.829546709060668945e+02
3.350000000000000000e+02, 5.399226912931004563e+01, 7.676271631524950578e+01, 5.000000000000000000e-01, 2.839923326969146729e+02
3.360000000000000000e+02, 9.204439530253213775e+01, 7.675613447688917290e+01, 5.000000000000000000e-01, 2.850137407779693604e+02
3.370000000000000000e+02, 5.177653398339056423e+01, 7.676081111986448491e+01, 5.000000000000000000e-01, 2.860253729820251465e+02
3.380000000000000000e+02, 6.673937187359700829e+01, 7.676594507766340314e+01, 5.000000000000000000e-01, 2.870224609375000000e+02
3.390000000000000000e+02, 6.832952274929921543e+01, 7.677020622370184810e+01, 5.000000000000000000e-01, 2.880040838718414307e+02
3.400000000000000000e+02, 8.190397917350753687e+01, 7.677025693284767272e+01, 5.000000000000000000e-01, 2.889944100379943848e+02
3.410000000000000000e+02, 9.650316664208580164e+01, 7.677710671394365249e+01, 5.000000000000000000e-01, 2.899743340015411377e+02
3.420000000000000000e+02, 6.501556482613264620e+01, 7.678682378155971833e+01, 5.000000000000000000e-01, 2.909574558734893799e+02
3.430000000000000000e+02, 9.457423962284131846e+01, 7.679662314377594612e+01, 5.000000000000000000e-01, 2.919413559436798096e+02
3.440000000000000000e+02, 8.942872305432156566e+01, 7.680801385198486742e+01, 5.000000000000000000e-01, 2.929309198856353760e+02
3.450000000000000000e+02, 7.846955486181019523e+01, 7.681932300848200157e+01, 5.000000000000000000e-01, 2.939197089672088623e+02
3.460000000000000000e+02, 7.978097971271809286e+01, 7.683439233522187806e+01, 5.000000000000000000e-01, 2.949098198413848877e+02
3.470000000000000000e+02, 6.344330854932832153e+01, 7.685829529165910401e+01, 5.000000000000000000e-01, 2.959066908359527588e+02
3.480000000000000000e+02, 9.624101427112846352e+01, 7.688065213503672624e+01, 5.000000000000000000e-01, 2.968929758071899414e+02
3.490000000000000000e+02, 8.464771762788781473e+01, 7.690821257722546989e+01, 5.000000000000000000e-01, 2.978933928012847900e+02
3.500000000000000000e+02, 9.845019875839406609e+01, 7.693334483899292309e+01, 5.000000000000000000e-01, 2.988994119167327881e+02
3.510000000000000000e+02, 8.407210788760255582e+01, 7.695115274460206933e+01, 5.000000000000000000e-01, 2.999081659317016602e+02
3.520000000000000000e+02, 7.383418258835200731e+01, 7.696658284687718776e+01, 5.000000000000000000e-01, 3.009161269664764404e+02
3.530000000000000000e+02, 8.103301283373620834e+01, 7.697865433019475745e+01, 5.000000000000000000e-01, 3.019151260852813721e+02
3.540000000000000000e+02, 1.060291943830463453e+02, 7.699119078065027111e+01, 5.000000000000000000e-01, 3.029025769233703613e+02
3.550000000000000000e+02, 5.619693579213948453e+01, 7.699938334837662524e+01, 5.000000000000000000e-01, 3.038984189033508301e+02
3.560000000000000000e+02, 1.153829914885311609e+02, 7.700943155129995432e+01, 5.000000000000000000e-01, 3.045927448272705078e+02
3.570000000000000000e+02, 8.501677319292591051e+01, 7.701815468139957943e+01, 5.000000000000000000e-01, 3.053495969772338867e+02
3.580000000000000000e+02, 8.812142932765738124e+01, 7.701758443593473658e+01, 5.000000000000000000e-01, 3.063401808738708496e+02
3.590000000000000000e+02, 6.359454108112740300e+01, 7.701466045683960715e+01, 5.000000000000000000e-01, 3.073162238597869873e+02
3.600000000000000000e+02, 7.245948207350636494e+01, 7.700992707308556362e+01, 5.000000000000000000e-01, 3.082972197532653809e+02
3.610000000000000000e+02, 9.891727778175045671e+01, 7.699876849385726985e+01, 5.000000000000000000e-01, 3.092803688049316406e+02
3.620000000000000000e+02, 7.618167262619660107e+01, 7.698884755660444057e+01, 5.000000000000000000e-01, 3.102574489116668701e+02
3.630000000000000000e+02, 6.339431576587768546e+01, 7.697676639852966218e+01, 5.000000000000000000e-01, 3.112437319755554199e+02
3.640000000000000000e+02, 8.947969630469989966e+01, 7.696661526613668514e+01, 5.000000000000000000e-01, 3.122302448749542236e+02
3.650000000000000000e+02, 8.742539105736027238e+01, 7.695825048664771373e+01, 5.000000000000000000e-01, 3.132341020107269287e+02
3.660000000000000000e+02, 9.476173798643564794e+01, 7.694720493283625729e+01, 5.000000000000000000e-01, 3.142171487808227539e+02
3.670000000000000000e+02, 7.057983010321216000e+01, 7.693573995318394054e+01, 5.000000000000000000e-01, 3.152085058689117432e+02
3.680000000000000000e+02, 6.579441482847097689e+01, 7.692405442085009781e+01, 5.000000000000000000e-01, 3.161983218193054199e+02
3.690000000000000000e+02, 7.099273781112719917e+01, 7.691625960292910236e+01, 5.000000000000000000e-01, 3.171906938552856445e+02
3.700000000000000000e+02, 6.928584311464841505e+01, 7.691098333511996543e+01, 5.000000000000000000e-01, 3.181798357963562012e+02
3.710000000000000000e+02, 7.603911214277096065e+01, 7.690553514651925582e+01, 5.000000000000000000e-01, 3.191719028949737549e+02
3.720000000000000000e+02, 8.527708402204883953e+01, 7.690935251909243675e+01, 5.000000000000000000e-01, 3.201641998291015625e+02
3.730000000000000000e+02, 7.230463642015459413e+01, 7.691527571380450468e+01, 5.000000000000000000e-01, 3.211955299377441406e+02
3.740000000000000000e+02, 7.446350489548086671e+01, 7.692171844991378293e+01, 5.000000000000000000e-01, 3.221975498199462891e+02
3.750000000000000000e+02, 7.040539538001441144e+01, 7.692969790472369596e+01, 5.000000000000000000e-01, 3.231857290267944336e+02
3.760000000000000000e+02, 8.507254663853554177e+01, 7.693625403936367491e+01, 5.000000000000000000e-01, 3.241800968647003174e+02
3.770000000000000000e+02, 1.016876556702195415e+02, 7.692803901640471054e+01, 5.000000000000000000e-01, 3.251762168407440186e+02
3.780000000000000000e+02, 8.388075708116653573e+01, 7.691525300671892751e+01, 5.000000000000000000e-01, 3.261544010639190674e+02
3.790000000000000000e+02, 9.335289452298465562e+01, 7.691402576757822374e+01, 5.000000000000000000e-01, 3.271309678554534912e+02
3.800000000000000000e+02, 8.344674495822684435e+01, 7.691284707829963452e+01, 5.000000000000000000e-01, 3.281269147396087646e+02
3.810000000000000000e+02, 7.249228326861876326e+01, 7.692025389021792137e+01, 5.000000000000000000e-01, 3.291116600036621094e+02
3.820000000000000000e+02, 6.814023367892939120e+01, 7.692835515257058887e+01, 5.000000000000000000e-01, 3.301020050048828125e+02
3.830000000000000000e+02, 8.100732346226342884e+01, 7.694730410778437601e+01, 5.000000000000000000e-01, 3.310888187885284424e+02
3.840000000000000000e+02, 7.327372429703714829e+01, 7.696524936318704135e+01, 5.000000000000000000e-01, 3.320759928226470947e+02
3.850000000000000000e+02, 6.425326137109615843e+01, 7.697838186724108311e+01, 5.000000000000000000e-01, 3.330697929859161377e+02
3.860000000000000000e+02, 7.719524741144513769e+01, 7.698499637362958481e+01, 5.000000000000000000e-01, 3.340602939128875732e+02
3.870000000000000000e+02, 7.485283287352410753e+01, 7.699720726232548884e+01, 5.000000000000000000e-01, 3.349450039863586426e+02
3.880000000000000000e+02, 8.079604475200565616e+01, 7.701216680307405227e+01, 5.000000000000000000e-01, 3.356059048175811768e+02
3.890000000000000000e+02, 5.805463667306851505e+01, 7.703229672140011530e+01, 5.000000000000000000e-01, 3.365491049289703369e+02
3.900000000000000000e+02, 5.892697518734395601e+01, 7.705524944187884273e+01, 5.000000000000000000e-01, 3.375373597145080566e+02
3.910000000000000000e+02, 7.460701553497042937e+01, 7.707312636892004321e+01, 5.000000000000000000e-01, 3.385262498855590820e+02
3.920000000000000000e+02, 6.460858548270266510e+01, 7.708713625454801388e+01, 5.000000000000000000e-01, 3.395183150768280029e+02
3.930000000000000000e+02, 7.225254684260750082e+01, 7.710476404459659250e+01, 5.000000000000000000e-01, 3.405081636905670166e+02
3.940000000000000000e+02, 6.169832453090057811e+01, 7.711919246798331073e+01, 5.000000000000000000e-01, 3.414957137107849121e+02
3.950000000000000000e+02, 8.019916834178272325e+01, 7.713433792407653300e+01, 5.000000000000000000e-01, 3.425043289661407471e+02
3.960000000000000000e+02, 7.236935592194954836e+01, 7.714090514871934090e+01, 5.000000000000000000e-01, 3.435343790054321289e+02
3.970000000000000000e+02, 6.119058039598813536e+01, 7.714613782578565804e+01, 5.000000000000000000e-01, 3.445527219772338867e+02
3.980000000000000000e+02, 6.845445964071808476e+01, 7.716068166211120172e+01, 5.000000000000000000e-01, 3.455534439086914062e+02
3.990000000000000000e+02, 4.419440707487756015e+01, 7.717826279780643972e+01, 5.000000000000000000e-01, 3.465485897064208984e+02
4.000000000000000000e+02, 4.420865960304443831e+01, 7.718849263624599644e+01, 2.500000000000000000e-01, 3.475515379905700684e+02
4.010000000000000000e+02, 6.618276717301085910e+01, 7.719128985314293345e+01, 2.500000000000000000e-01, 3.485328917503356934e+02
4.020000000000000000e+02, 3.768492322838876873e+01, 7.719298000127747628e+01, 2.500000000000000000e-01, 3.496950058937072754e+02
4.030000000000000000e+02, 4.911217526126940669e+01, 7.719399147267971273e+01, 2.500000000000000000e-01, 3.508110940456390381e+02
4.040000000000000000e+02, 5.211767248324331092e+01, 7.719069094006455600e+01, 2.500000000000000000e-01, 3.518156716823577881e+02
4.050000000000000000e+02, 6.283059669507205314e+01, 7.719196161151062086e+01, 2.500000000000000000e-01, 3.528050470352172852e+02
4.060000000000000000e+02, 5.075734381870023526e+01, 7.719483112912020317e+01, 2.500000000000000000e-01, 3.537982368469238281e+02
4.070000000000000000e+02, 8.685543929480039083e+01, 7.719888203496114443e+01, 2.500000000000000000e-01, 3.547762808799743652e+02
4.080000000000000000e+02, 3.454596875733593464e+01, 7.720427459504072942e+01, 2.500000000000000000e-01, 3.557569098472595215e+02
4.090000000000000000e+02, 5.603708440850144257e+01, 7.720595538328721830e+01, 2.500000000000000000e-01, 3.567320389747619629e+02
4.100000000000000000e+02, 6.194027739492786822e+01, 7.720448359277747841e+01, 2.500000000000000000e-01, 3.576978890895843506e+02
4.110000000000000000e+02, 5.918564720909242283e+01, 7.720103802110703839e+01, 2.500000000000000000e-01, 3.586723237037658691e+02
4.120000000000000000e+02, 6.905186546773163059e+01, 7.719412519297074482e+01, 2.500000000000000000e-01, 3.597151880264282227e+02
4.130000000000000000e+02, 5.963849196357155336e+01, 7.718694750494675816e+01, 2.500000000000000000e-01, 3.607415769100189209e+02
4.140000000000000000e+02, 4.638693414391405412e+01, 7.718393968081693401e+01, 2.500000000000000000e-01, 3.617319748401641846e+02
4.150000000000000000e+02, 6.053138106776127358e+01, 7.718200201939299632e+01, 2.500000000000000000e-01, 3.627084398269653320e+02
4.160000000000000000e+02, 6.506523768885392656e+01, 7.717458091802672016e+01, 2.500000000000000000e-01, 3.636876368522644043e+02
4.170000000000000000e+02, 7.287372493552604169e+01, 7.716595426514568601e+01, 2.500000000000000000e-01, 3.646394999027252197e+02
4.180000000000000000e+02, 6.941199167411447490e+01, 7.715997032567271674e+01, 2.500000000000000000e-01, 3.653001458644866943e+02
4.190000000000000000e+02, 7.196523910400279078e+01, 7.715435444871955895e+01, 2.500000000000000000e-01, 3.662222757339477539e+02
4.200000000000000000e+02, 5.991909141990741006e+01, 7.715129242523582320e+01, 2.500000000000000000e-01, 3.671968789100646973e+02
4.210000000000000000e+02, 3.937249711030739263e+01, 7.714877468018664786e+01, 2.500000000000000000e-01, 3.681780679225921631e+02
4.220000000000000000e+02, 5.033689364358953355e+01, 7.714552568747512851e+01, 2.500000000000000000e-01, 3.691693818569183350e+02
4.230000000000000000e+02, 6.989002274907443280e+01, 7.714420433822402856e+01, 2.500000000000000000e-01, 3.701485488414764404e+02
4.240000000000000000e+02, 8.042734569202157502e+01, 7.714249600295292453e+01, 2.500000000000000000e-01, 3.711754140853881836e+02
4.250000000000000000e+02, 5.021971948978571731e+01, 7.713855694019380849e+01, 2.500000000000000000e-01, 3.721543769836425781e+02
4.260000000000000000e+02, 5.947805835778152783e+01, 7.713377300631125877e+01, 2.500000000000000000e-01, 3.731544446945190430e+02
4.270000000000000000e+02, 4.868497696235008476e+01, 7.713241827994234256e+01, 2.500000000000000000e-01, 3.741525487899780273e+02
4.280000000000000000e+02, 6.405198982276701258e+01, 7.713262929683344282e+01, 2.500000000000000000e-01, 3.751183559894561768e+02
4.290000000000000000e+02, 5.579223809488610897e+01, 7.712783969062859057e+01, 2.500000000000000000e-01, 3.761105790138244629e+02
4.300000000000000000e+02, 5.408854516744101204e+01, 7.712003803855505168e+01, 2.500000000000000000e-01, 3.770835137367248535e+02
4.310000000000000000e+02, 5.505203841559479372e+01, 7.711459613252273471e+01, 2.500000000000000000e-01, 3.780614609718322754e+02
4.320000000000000000e+02, 5.757268655892509912e+01, 7.711078486631754458e+01, 2.500000000000000000e-01, 3.790344760417938232e+02
4.330000000000000000e+02, 6.234627746708558504e+01, 7.710638942757316272e+01, 2.500000000000000000e-01, 3.800140008926391602e+02
4.340000000000000000e+02, 4.767407445226709228e+01, 7.710533024491122944e+01, 2.500000000000000000e-01, 3.810007598400115967e+02
4.350000000000000000e+02, 4.503426951288726343e+01, 7.710232782305556043e+01, 2.500000000000000000e-01, 3.819607150554656982e+02
4.360000000000000000e+02, 4.073470398660609959e+01, 7.710053651713246836e+01, 2.500000000000000000e-01, 3.829344289302825928e+02
4.370000000000000000e+02, 6.716233039934439830e+01, 7.709962668373125894e+01, 2.500000000000000000e-01, 3.839138319492340088e+02
4.380000000000000000e+02, 4.632488253294012281e+01, 7.709939578091761803e+01, 2.500000000000000000e-01, 3.848872778415679932e+02
4.390000000000000000e+02, 6.014793089006684568e+01, 7.710220795186762643e+01, 2.500000000000000000e-01, 3.858585517406463623e+02
4.400000000000000000e+02, 6.571982007512895052e+01, 7.710254967190800812e+01, 2.500000000000000000e-01, 3.868289678096771240e+02
4.410000000000000000e+02, 5.265374287060873826e+01, 7.710374217901420479e+01, 2.500000000000000000e-01, 3.878082687854766846e+02
4.420000000000000000e+02, 5.200807032815795594e+01, 7.710116285974210371e+01, 2.500000000000000000e-01, 3.885136740207672119e+02
4.430000000000000000e+02, 5.545494582935452144e+01, 7.709758435098133589e+01, 2.500000000000000000e-01, 3.892426528930664062e+02
4.440000000000000000e+02, 5.660659906885386761e+01, 7.709363243551949552e+01, 2.500000000000000000e-01, 3.902301597595214844e+02
4.450000000000000000e+02, 5.604139328289637945e+01, 7.709223743432421827e+01, 2.500000000000000000e-01, 3.912425830364227295e+02
4.460000000000000000e+02, 4.634070692000603486e+01, 7.709336909636411406e+01, 2.500000000000000000e-01, 3.922413797378540039e+02
4.470000000000000000e+02, 5.917550256537090547e+01, 7.709322645922665629e+01, 2.500000000000000000e-01, 3.932108318805694580e+02
4.480000000000000000e+02, 5.544170526270991672e+01, 7.709085577358212049e+01, 2.500000000000000000e-01, 3.941735539436340332e+02
4.490000000000000000e+02, 4.682218502761147505e+01, 7.708627762171008158e+01, 2.500000000000000000e-01, 3.951564559936523438e+02
4.500000000000000000e+02, 5.245128206741789967e+01, 7.707658229138154127e+01, 2.500000000000000000e-01, 3.961512629985809326e+02
4.510000000000000000e+02, 7.715398507701291919e+01, 7.706840358813197156e+01, 2.500000000000000000e-01, 3.971362218856811523e+02
4.520000000000000000e+02, 6.384861258977868204e+01, 7.706303946581387265e+01, 2.500000000000000000e-01, 3.981024661064147949e+02
4.530000000000000000e+02, 5.872309791806794976e+01, 7.706023912790050190e+01, 2.500000000000000000e-01, 3.990785448551177979e+02
4.540000000000000000e+02, 6.630947786120401588e+01, 7.706109894669322102e+01, 2.500000000000000000e-01, 4.000470919609069824e+02
4.550000000000000000e+02, 4.899316719704596323e+01, 7.706010620292238400e+01, 2.500000000000000000e-01, 4.010230610370635986e+02
4.560000000000000000e+02, 5.125822726592377876e+01, 7.705723462387874179e+01, 2.500000000000000000e-01, 4.019970707893371582e+02
4.570000000000000000e+02, 4.432921701623286737e+01, 7.705220967219331385e+01, 2.500000000000000000e-01, 4.029806249141693115e+02
4.580000000000000000e+02, 6.672556952005314201e+01, 7.705015273734264269e+01, 2.500000000000000000e-01, 4.039655408859252930e+02
4.590000000000000000e+02, 4.751980291818242819e+01, 7.704643067977079340e+01, 2.500000000000000000e-01, 4.049450528621673584e+02
4.600000000000000000e+02, 3.248084192113907420e+01, 7.704553290229408447e+01, 2.500000000000000000e-01, 4.059185588359832764e+02
4.610000000000000000e+02, 4.120842743261533769e+01, 7.704367800216235196e+01, 2.500000000000000000e-01, 4.068953039646148682e+02
4.620000000000000000e+02, 5.013525500443106608e+01, 7.704353060798840147e+01, 2.500000000000000000e-01, 4.078749749660491943e+02
4.630000000000000000e+02, 6.759892559332929807e+01, 7.704551956059279405e+01, 2.500000000000000000e-01, 4.087261588573455811e+02
4.640000000000000000e+02, 3.938668919900837295e+01, 7.704631714621892513e+01, 2.500000000000000000e-01, 4.093776557445526123e+02
4.650000000000000000e+02, 4.193928949180070020e+01, 7.704809297425825321e+01, 2.500000000000000000e-01, 4.102914257049560547e+02
4.660000000000000000e+02, 4.599523310201146842e+01, 7.705206123591797507e+01, 2.500000000000000000e-01, 4.112594068050384521e+02
4.670000000000000000e+02, 5.733841892834624332e+01, 7.705633695112976511e+01, 2.500000000000000000e-01, 4.122497370243072510e+02
4.680000000000000000e+02, 4.349160826417235626e+01, 7.706216431112328280e+01, 2.500000000000000000e-01, 4.132178878784179688e+02
4.690000000000000000e+02, 6.635881970949212416e+01, 7.706737518681462973e+01, 2.500000000000000000e-01, 4.141958038806915283e+02
4.700000000000000000e+02, 5.241199015240878367e+01, 7.707915363466761960e+01, 2.500000000000000000e-01, 4.151531147956848145e+02
4.710000000000000000e+02, 5.147484025382335915e+01, 7.709172624237226046e+01, 2.500000000000000000e-01, 4.161175889968872070e+02
4.720000000000000000e+02, 6.071413859714759553e+01, 7.710541264842827047e+01, 2.500000000000000000e-01, 4.170963299274444580e+02
4.730000000000000000e+02, 6.228558017678692238e+01, 7.712159750707711225e+01, 2.500000000000000000e-01, 4.180905489921569824e+02
4.740000000000000000e+02, 4.358633385609076072e+01, 7.713305904344777275e+01, 2.500000000000000000e-01, 4.190739698410034180e+02
4.750000000000000000e+02, 4.122708665754160506e+01, 7.714404907273916479e+01, 2.500000000000000000e-01, 4.200679407119750977e+02
4.760000000000000000e+02, 3.966372973661369628e+01, 7.715326782893249913e+01, 2.500000000000000000e-01, 4.210567517280578613e+02
4.770000000000000000e+02, 5.195220729916286473e+01, 7.716182398678147081e+01, 2.500000000000000000e-01, 4.220353479385375977e+02
4.780000000000000000e+02, 5.648934061494243508e+01, 7.717093586097139735e+01, 2.500000000000000000e-01, 4.230377180576324463e+02
4.790000000000000000e+02, 7.223984881521573698e+01, 7.717890429466839919e+01, 2.500000000000000000e-01, 4.240331797599792480e+02
4.800000000000000000e+02, 4.741710893561614881e+01, 7.718643810066321009e+01, 2.500000000000000000e-01, 4.250235469341278076e+02
4.810000000000000000e+02, 4.803413790340514566e+01, 7.719347729816333015e+01, 2.500000000000000000e-01, 4.260204558372497559e+02
4.820000000000000000e+02, 5.289576988193931584e+01, 7.719755903120486096e+01, 2.500000000000000000e-01, 4.270332617759704590e+02
4.830000000000000000e+02, 5.215904746967733274e+01, 7.720080929116203095e+01, 2.500000000000000000e-01, 4.280169758796691895e+02
4.840000000000000000e+02, 3.754089744884777247e+01, 7.720242359167468749e+01, 2.500000000000000000e-01, 4.289991629123687744e+02
4.850000000000000000e+02, 4.816279875554822354e+01, 7.720304322304382083e+01, 2.500000000000000000e-01, 4.299834408760070801e+02
4.860000000000000000e+02, 4.742833452405839978e+01, 7.720352914018003787e+01, 2.500000000000000000e-01, 4.306463029384613037e+02
4.870000000000000000e+02, 4.094046449601284365e+01, 7.720688482283749465e+01, 2.500000000000000000e-01, 4.314599187374114990e+02
4.880000000000000000e+02, 3.500439980119026728e+01, 7.721246919435928646e+01, 2.500000000000000000e-01, 4.324389677047729492e+02
4.890000000000000000e+02, 4.462960259527204698e+01, 7.721491733652293021e+01, 2.500000000000000000e-01, 4.334491157531738281e+02
4.900000000000000000e+02, 6.400682816629796434e+01, 7.721346726271369221e+01, 2.500000000000000000e-01, 4.344261457920074463e+02
4.910000000000000000e+02, 4.529115202802803708e+01, 7.721306839683809642e+01, 2.500000000000000000e-01, 4.354112520217895508e+02
4.920000000000000000e+02, 4.410799156248565112e+01, 7.721301778848953745e+01, 2.500000000000000000e-01, 4.363804516792297363e+02
4.930000000000000000e+02, 4.563996383151449265e+01, 7.721230769740152766e+01, 2.500000000000000000e-01, 4.373470950126647949e+02
4.940000000000000000e+02, 5.223533095041325680e+01, 7.721194544056184839e+01, 2.500000000000000000e-01, 4.383102178573608398e+02
4.950000000000000000e+02, 5.565254019853782097e+01, 7.720831038980257688e+01, 2.500000000000000000e-01, 4.392847340106964111e+02
4.960000000000000000e+02, 4.429044392890489945e+01, 7.721111943309378489e+01, 2.500000000000000000e-01, 4.402598028182983398e+02
4.970000000000000000e+02, 4.792308091868127917e+01, 7.721099966744256449e+01, 2.500000000000000000e-01, 4.412301256656646729e+02
4.980000000000000000e+02, 4.791996444647090669e+01, 7.720756789113853813e+01, 2.500000000000000000e-01, 4.421996898651123047e+02
4.990000000000000000e+02, 5.765656212742223374e+01, 7.720716588224584598e+01, 2.500000000000000000e-01, 4.431675379276275635e+02
5.000000000000000000e+02, 6.040877366934750370e+01, 7.720784827421769592e+01, 2.500000000000000000e-01, 4.441394319534301758e+02
